Workbook

Sheet DDPE Dashboard
A1: DOMAIN-DRIVEN PLATFORM ENGINEERING: STRATEGIC vs TACTICAL ASSESSMENT
A2: Applying DDD Principles to Platform Investment Decisions Across the Four-Layer Service Taxonomy
A4: Organization: | D4: Primary Domain: | G4: THE ABSTRACTION SHIFT
A5: Assessment Date: | D5: Industry Vertical: | G5: Layer | H5: Abstraction | I5: Domain Centricity
G6: Unique Domain | H6: LOW | I6: HIGH
G7: Domain Backbone | H7: MEDIUM-LOW | I7: MEDIUM-HIGH
G8: Common Enterprise | H8: MEDIUM-HIGH | I8: MEDIUM-LOW
G9: Foundational | H9: HIGH | I9: LOW
A11: ASSESSMENT SUMMARY BY DDPE DIMENSION
A12: Assessment Area | B12: DDPE Alignment | C12: Score | D12: Max Score | E12: Percentage
A13: Bounded Context Readiness | B13: Context Boundaries | C13: ='Bounded Contexts'!F17 -> 0 | D13: ='Bounded Contexts'!G17 -> 45 | E13: =IF(D13=0,0,C13/D13) -> 0
A14: Four-Layer Taxonomy Maturity | B14: Service Taxonomy | C14: ='Layer Taxonomy'!G19 -> 0 | D14: ='Layer Taxonomy'!H19 -> 95.2 | E14: =IF(D14=0,0,C14/D14) -> 0
A15: Cognitive Load & Autonomy | B15: Team Autonomy | C15: ='Cognitive Load'!E18 -> 0 | D15: ='Cognitive Load'!F18 -> 45.9 | E15: =IF(D15=0,0,C15/D15) -> 0
A16: Build vs Buy by Layer | B16: Abstraction Shift | C16: ='Build vs Buy'!H17 -> 13.7 | D16: ='Build vs Buy'!I17 -> 41.1 | E16: =IF(D16=0,0,C16/D16) -> 0.33333333
A17: Strategic Investment Signals | B17: Platform as Product | C17: ='Strategic Signals'!E16 -> 0 | D17: ='Strategic Signals'!F16 -> 39.6 | E17: =IF(D17=0,0,C17/D17) -> 0
A18: TOTAL DDPE SCORE | C18: =SUM(C13:C17) -> 13.7 | D18: =SUM(D13:D17) -> 266.8 | E18: =IF(D18=0,0,C18/D18) -> 0.051349325
A20: DDPE RECOMMENDATION
A21: Overall DDPE Score: | B21: =E18 -> 0.051349325
A22: Recommended Approach: | B22: =IF(E18<0.4,"TACTICAL",IF(E18<0.7,"TRANSITIONAL","STRATEGIC")) -> TACTICAL
A23: Primary Investment Layer: | B23: =IF(E18<0.4,"Foundational Services",IF(E18<0.7,"Common Enterprise + Domain Backbone","Full Taxonomy Coverage")) -> Foundational Services
A25: INVESTMENT PRIORITY BY TAXONOMY LAYER
A26: Approach | B26: Foundational | C26: Common Enterprise | D26: Domain Backbone | E26: Unique Domain
A27: TACTICAL | B27: BUY (SaaS/OSS) | C27: Minimal | D27: Skip | E27: Product teams own
A28: TRANSITIONAL | B28: BUY + Customize | C28: BUILD adapters | D28: Identify patterns | E28: Golden paths
A29: STRATEGIC | B29: BUILD platform | C29: BUILD integration | D29: BUILD self-service | E29: Accelerate via IDP

Sheet Bounded Contexts
A1: BOUNDED CONTEXT READINESS ASSESSMENT
A2: Evaluating context boundary quality using the DDPE 'independent use' test and cross-team chatter signals
A3: 🎯 DDPE PRINCIPLE: A well-defined boundary exists when consumers can use a capability independently—without tickets or synchronous coordination
A5: Bounded Context Criteria | B5: Layer Applicability | C5: Current State | D5: Score (0-3) | E5: Weight | F5: Weighted Score
A6: Independent Capability Use Test | B6: All Layers | E6: 2 | F6: =IF(D6="",0,D6*E6) -> 0
A7: Cross-team Chatter Frequency | B7: All Layers | E7: 1.8 | F7: =IF(D7="",0,D7*E7) -> 0
A8: Clear Ownership Boundaries | B8: Domain Backbone, Unique | E8: 1.5 | F8: =IF(D8="",0,D8*E8) -> 0
A9: Self-Service Interface Availability | B9: Foundational, Common | E9: 1.8 | F9: =IF(D9="",0,D9*E9) -> 0
A10: Ubiquitous Language Consistency | B10: All Layers | E10: 1.5 | F10: =IF(D10="",0,D10*E10) -> 0
A11: API Contract Clarity | B11: All Layers | E11: 1.5 | F11: =IF(D11="",0,D11*E11) -> 0
A12: Deployment Independence | B12: Domain Backbone, Unique | E12: 1.2 | F12: =IF(D12="",0,D12*E12) -> 0
A13: Backlog Autonomy | B13: All Layers | E13: 1.2 | F13: =IF(D13="",0,D13*E13) -> 0
A14: Interaction Mode Clarity | B14: All Layers | E14: 1.5 | F14: =IF(D14="",0,D14*E14) -> 0
A15: Conway's Law Alignment | B15: All Layers | E15: 1 | F15: =IF(D15="",0,D15*E15) -> 0
E17: TOTALS: | F17: =SUM(F6:F15) -> 0 | G17: =SUM(E6:E15)*3 -> 45
A19: SCORING GUIDE: BOUNDED CONTEXT QUALITY
A20: Score | B20: Boundary Quality | C20: Symptoms | D20: DDPE Implication
A21: 0 | B21: No boundaries | C21: Constant coordination, shared codebases | D21: Cannot implement taxonomy layers
A22: 1 | B22: Implicit boundaries | C22: Informal agreements, frequent surprises | D22: Foundational layer only
A23: 2 | B23: Documented boundaries | C23: Some autonomy, occasional conflicts | D23: Ready for Common Enterprise
A24: 3 | B24: Enforced boundaries | C24: Full autonomy, clear contracts | D24: Full taxonomy implementation

Sheet Layer Taxonomy
A1: FOUR-LAYER SERVICE TAXONOMY MATURITY
A2: Assess platform capabilities across the DDPE abstraction shift: from generic infrastructure to domain-aware experiences
A4: FOUNDATIONAL SERVICES
A5: HIGH abstraction, LOW domain centricity — Platform team owns
A6: Capability | B6: Current State | C6: Maturity (0-4) | D6: Weight | E6: Weighted Score | F6: Target State | G6: Gap | H6: Priority
A7: CI/CD Pipeline Standardization | D7: 1.5 | E7: =IF(C7="",0,C7*D7) -> 0 | G7: =IF(OR(F7="",C7=""),"-",F7-C7) -> - | H7: =IF(G7="-","-",IF(G7>=2,"HIGH",IF(G7>=1,"MEDIUM","LOW"))) -> -
A8: Infrastructure-as-Code Templates | D8: 1.5 | E8: =IF(C8="",0,C8*D8) -> 0 | G8: =IF(OR(F8="",C8=""),"-",F8-C8) -> - | H8: =IF(G8="-","-",IF(G8>=2,"HIGH",IF(G8>=1,"MEDIUM","LOW"))) -> -
A9: Service Mesh / Networking | D9: 1.2 | E9: =IF(C9="",0,C9*D9) -> 0 | G9: =IF(OR(F9="",C9=""),"-",F9-C9) -> - | H9: =IF(G9="-","-",IF(G9>=2,"HIGH",IF(G9>=1,"MEDIUM","LOW"))) -> -
A10: Identity & Access Management | D10: 1.3 | E10: =IF(C10="",0,C10*D10) -> 0 | G10: =IF(OR(F10="",C10=""),"-",F10-C10) -> - | H10: =IF(G10="-","-",IF(G10>=2,"HIGH",IF(G10>=1,"MEDIUM","LOW"))) -> -
A11: Observability Stack (Logs, Metrics, Traces) | D11: 1.5 | E11: =IF(C11="",0,C11*D11) -> 0 | G11: =IF(OR(F11="",C11=""),"-",F11-C11) -> - | H11: =IF(G11="-","-",IF(G11>=2,"HIGH",IF(G11>=1,"MEDIUM","LOW"))) -> -
A12: Security Guardrails & Policies | D12: 1.2 | E12: =IF(C12="",0,C12*D12) -> 0 | G12: =IF(OR(F12="",C12=""),"-",F12-C12) -> - | H12: =IF(G12="-","-",IF(G12>=2,"HIGH",IF(G12>=1,"MEDIUM","LOW"))) -> -
A14: COMMON ENTERPRISE SERVICES
A15: MEDIUM abstraction — Shared business-wide workflows
A16: Capability | B16: Current State | C16: Maturity (0-4) | D16: Weight | E16: Weighted Score | F16: Target State | G16: Gap | H16: Priority
A17: CRM/ERP Integration Adapters | D17: 1 | E17: =IF(C17="",0,C17*D17) -> 0 | G17: =IF(OR(F17="",C17=""),"-",F17-C17) -> - | H17: =IF(G17="-","-",IF(G17>=2,"HIGH",IF(G17>=1,"MEDIUM","LOW"))) -> -
A18: Cross-domain Event Bus | D18: 1.2 | E18: =IF(C18="",0,C18*D18) -> 0 | G18: =IF(OR(F18="",C18=""),"-",F18-C18) -> - | H18: =IF(G18="-","-",IF(G18>=2,"HIGH",IF(G18>=1,"MEDIUM","LOW"))) -> -
A19: Enterprise Data Lake Access | D19: 1 | E19: =IF(C19="",0,C19*D19) -> 0 | G19: =G37 -> 0 | H19: =H37 -> 95.2
A20: Shared Authentication Flows | D20: 1.3 | E20: =IF(C20="",0,C20*D20) -> 0 | G20: =IF(OR(F20="",C20=""),"-",F20-C20) -> - | H20: =IF(G20="-","-",IF(G20>=2,"HIGH",IF(G20>=1,"MEDIUM","LOW"))) -> -
A22: DOMAIN BACKBONE SERVICES
A23: LOW abstraction, MEDIUM-HIGH domain centricity — Domain platform teams
A24: Capability | B24: Current State | C24: Maturity (0-4) | D24: Weight | E24: Weighted Score | F24: Target State | G24: Gap | H24: Priority
A25: Domain-specific API Templates | D25: 1.8 | E25: =IF(C25="",0,C25*D25) -> 0 | G25: =IF(OR(F25="",C25=""),"-",F25-C25) -> - | H25: =IF(G25="-","-",IF(G25>=2,"HIGH",IF(G25>=1,"MEDIUM","LOW"))) -> -
A26: Industry Workflow Accelerators | D26: 1.5 | E26: =IF(C26="",0,C26*D26) -> 0 | G26: =IF(OR(F26="",C26=""),"-",F26-C26) -> - | H26: =IF(G26="-","-",IF(G26>=2,"HIGH",IF(G26>=1,"MEDIUM","LOW"))) -> -
A27: Domain Data Models & Schemas | D27: 1.5 | E27: =IF(C27="",0,C27*D27) -> 0 | G27: =IF(OR(F27="",C27=""),"-",F27-C27) -> - | H27: =IF(G27="-","-",IF(G27>=2,"HIGH",IF(G27>=1,"MEDIUM","LOW"))) -> -
A28: Compliance Automation (Domain) | D28: 1.3 | E28: =IF(C28="",0,C28*D28) -> 0 | G28: =IF(OR(F28="",C28=""),"-",F28-C28) -> - | H28: =IF(G28="-","-",IF(G28>=2,"HIGH",IF(G28>=1,"MEDIUM","LOW"))) -> -
A30: UNIQUE DOMAIN SERVICES
A31: LOWEST abstraction, HIGHEST domain centricity — Product teams (accelerated by IDP)
A32: Capability | B32: Current State | C32: Maturity (0-4) | D32: Weight | E32: Weighted Score | F32: Target State | G32: Gap | H32: Priority
A33: Golden Path Availability | D33: 2 | E33: =IF(C33="",0,C33*D33) -> 0 | G33: =IF(OR(F33="",C33=""),"-",F33-C33) -> - | H33: =IF(G33="-","-",IF(G33>=2,"HIGH",IF(G33>=1,"MEDIUM","LOW"))) -> -
A34: Self-service Scaffolding Tools | D34: 1.8 | E34: =IF(C34="",0,C34*D34) -> 0 | G34: =IF(OR(F34="",C34=""),"-",F34-C34) -> - | H34: =IF(G34="-","-",IF(G34>=2,"HIGH",IF(G34>=1,"MEDIUM","LOW"))) -> -
A35: Domain Context Documentation | D35: 1.2 | E35: =IF(C35="",0,C35*D35) -> 0 | G35: =IF(OR(F35="",C35=""),"-",F35-C35) -> - | H35: =IF(G35="-","-",IF(G35>=2,"HIGH",IF(G35>=1,"MEDIUM","LOW"))) -> -
F37: TOTALS: | G37: =SUM(E5:E35) -> 0 | H37: =SUM(D5:D35)*4 -> 95.2

Sheet Cognitive Load
A1: COGNITIVE LOAD & TEAM AUTONOMY ASSESSMENT
A2: Measuring the DDPE impact: reduced cognitive load through domain-aligned self-service platforms
A3: ⚠️ DDPE THRESHOLD: >6 hrs/week on process complexity = Domain boundaries need refinement OR layer coverage gaps
A5: Signal Category | B5: DDPE Layer Impact | C5: Current Value | D5: Score (0-3) | E5: Weight | F5: Weighted Score
A6: Weekly Process Complexity Hours | B6: All Layers (coverage gap) | E6: 2 | F6: =IF(D6="",0,D6*E6) -> 0
A7: Tool Fragmentation Level | B7: Foundational (standardization) | E7: 1.5 | F7: =IF(D7="",0,D7*E7) -> 0
A8: Context Switching Frequency | B8: Bounded Context quality | E8: 1.2 | F8: =IF(D8="",0,D8*E8) -> 0
A9: Self-Service Availability | B9: All Layers (maturity) | E9: 1.8 | F9: =IF(D9="",0,D9*E9) -> 0
A10: Time to First Deployment | B10: Foundational + Golden Paths | E10: 1.5 | F10: =IF(D10="",0,D10*E10) -> 0
A11: Onboarding Time (New Engineers) | B11: Domain Backbone docs | E11: 1.5 | F11: =IF(D11="",0,D11*E11) -> 0
A12: Cross-team Coordination Overhead | B12: Bounded Context clarity | E12: 1.5 | F12: =IF(D12="",0,D12*E12) -> 0
A13: Ticket-based vs Self-Service Ratio | B13: X-as-a-Service maturity | E13: 1.8 | F13: =IF(D13="",0,D13*E13) -> 0
A14: Domain Language Confusion | B14: Ubiquitous Language gaps | E14: 1.2 | F14: =IF(D14="",0,D14*E14) -> 0
A15: Environment Provisioning Time | B15: Foundational layer | E15: 1.3 | F15: =IF(D15="",0,D15*E15) -> 0
D18: TOTALS: | E18: =SUM(F6:F15) -> 0 | F18: =SUM(E6:E15)*3 -> 45.9
A20: SCORING REFERENCE: DDPE LAYER IMPLICATIONS
A21: Category | B21: Score 0 (Tactical OK) | C21: Score 3 (Strategic Required) | D21: DDPE Fix
A22: Process Hours | B22: 0-2 hrs/week | C22: >6 hrs/week | D22: Expand layer coverage
A23: Self-Service | B23: >90% self-serve | C23: <50% self-serve | D23: X-as-a-Service mode
A24: Onboarding | B24: <1 week | C24: >4 weeks | D24: Golden Paths + Domain docs
A25: Cross-team Coord | B25: Minimal (async) | C25: Constant (sync) | D25: Refine Bounded Contexts
A26: TTFD | B26: <1 day | C26: >7 days | D26: Foundational layer gaps

Sheet Build vs Buy
A1: BUILD vs BUY ANALYSIS BY TAXONOMY LAYER
A2: DDPE Principle: BUILD differentiators (upper layers), BUY foundations (lower layers) — Follow the abstraction shift
A3: 🎯 KEY QUESTION: Would competitors gain advantage with this exact capability? YES → BUILD | NO → BUY
A5: Capability | B5: Taxonomy Layer | C5: Differentiation (1-5) | D5: Complexity (1-5) | E5: Market Maturity (1-5) | F5: Decision | G5: Approach | H5: Score | I5: Weight
A6: CI/CD Pipeline | B6: Foundational | F6: =IF(C6>3,"BUILD","BUY") -> BUY | G6: =IF(AND(C6>3,D6>3),"STRATEGIC",IF(C6>3,"TACTICAL","BUY")) -> BUY | H6: =IF(G6="STRATEGIC",3,IF(G6="TACTICAL",2,1)) -> 1 | I6: 1.2
A7: Secrets Management | B7: Foundational | F7: =IF(C7>3,"BUILD","BUY") -> BUY | G7: =IF(AND(C7>3,D7>3),"STRATEGIC",IF(C7>3,"TACTICAL","BUY")) -> BUY | H7: =IF(G7="STRATEGIC",3,IF(G7="TACTICAL",2,1)) -> 1 | I7: 1
A8: Observability Stack | B8: Foundational | F8: =IF(C8>3,"BUILD","BUY") -> BUY | G8: =IF(AND(C8>3,D8>3),"STRATEGIC",IF(C8>3,"TACTICAL","BUY")) -> BUY | H8: =IF(G8="STRATEGIC",3,IF(G8="TACTICAL",2,1)) -> 1 | I8: 1.2
A9: Identity/SSO | B9: Foundational | F9: =IF(C9>3,"BUILD","BUY") -> BUY | G9: =IF(AND(C9>3,D9>3),"STRATEGIC",IF(C9>3,"TACTICAL","BUY")) -> BUY | H9: =IF(G9="STRATEGIC",3,IF(G9="TACTICAL",2,1)) -> 1 | I9: 1
A10: Integration Middleware | B10: Common Enterprise | F10: =IF(C10>3,"BUILD","BUY") -> BUY | G10: =IF(AND(C10>3,D10>3),"STRATEGIC",IF(C10>3,"TACTICAL","BUY")) -> BUY | H10: =IF(G10="STRATEGIC",3,IF(G10="TACTICAL",2,1)) -> 1 | I10: 1
A11: Enterprise Event Bus | B11: Common Enterprise | F11: =IF(C11>3,"BUILD","BUY") -> BUY | G11: =IF(AND(C11>3,D11>3),"STRATEGIC",IF(C11>3,"TACTICAL","BUY")) -> BUY | H11: =IF(G11="STRATEGIC",3,IF(G11="TACTICAL",2,1)) -> 1 | I11: 1.2
A12: Domain API Templates | B12: Domain Backbone | F12: =IF(C12>3,"BUILD","BUY") -> BUY | G12: =IF(AND(C12>3,D12>3),"STRATEGIC",IF(C12>3,"TACTICAL","BUY")) -> BUY | H12: =IF(G12="STRATEGIC",3,IF(G12="TACTICAL",2,1)) -> 1 | I12: 1.8
A13: Industry Workflow Tools | B13: Domain Backbone | F13: =IF(C13>3,"BUILD","BUY") -> BUY | G13: =IF(AND(C13>3,D13>3),"STRATEGIC",IF(C13>3,"TACTICAL","BUY")) -> BUY | H13: =IF(G13="STRATEGIC",3,IF(G13="TACTICAL",2,1)) -> 1 | I13: 1.5
A14: Golden Path Scaffolding | B14: Unique Domain | F14: =IF(C14>3,"BUILD","BUY") -> BUY | G14: =IF(AND(C14>3,D14>3),"STRATEGIC",IF(C14>3,"TACTICAL","BUY")) -> BUY | H14: =IF(G14="STRATEGIC",3,IF(G14="TACTICAL",2,1)) -> 1 | I14: 2
A15: Developer Portal/IDP | B15: Unique Domain | F15: =IF(C15>3,"BUILD","BUY") -> BUY | G15: =IF(AND(C15>3,D15>3),"STRATEGIC",IF(C15>3,"TACTICAL","BUY")) -> BUY | H15: =IF(G15="STRATEGIC",3,IF(G15="TACTICAL",2,1)) -> 1 | I15: 1.8
G17: TOTALS: | H17: =SUMPRODUCT(H6:H15,I6:I15) -> 13.7 | I17: =SUM(I6:I15)*3 -> 41.1
A19: DDPE BUILD vs BUY DECISION MATRIX BY LAYER
A20: Layer | B20: Default Recommendation | C20: BUILD When... | D20: BUY When...
A21: Foundational | B21: BUY (mature market) | C21: Unique security/compliance needs | D21: Standard enterprise requirements
A22: Common Enterprise | B22: BUY + CUSTOMIZE | C22: Deep integration differentiates | D22: Standard workflows suffice
A23: Domain Backbone | B23: BUILD | C23: Industry-specific IP | D23: Generic industry patterns
A24: Unique Domain | B24: BUILD (always) | C24: Core business differentiator | D24: N/A - always build

Sheet Strategic Signals
A1: STRATEGIC INVESTMENT SIGNALS
A2: Evaluate organizational readiness for platform-as-product investment across the full DDPE taxonomy
A4: Strategic Signal | B4: DDPE Relevance | C4: Current State | D4: Score (0-3) | E4: Weight | F4: Weighted Score
A5: Number of Development Teams (≥3) | B5: Scale for taxonomy layers | E5: 1.5 | F5: =IF(D5="",0,D5*E5) -> 0
A6: Teams with Shared Architecture | B6: Bounded Context candidates | E6: 1.5 | F6: =IF(D6="",0,D6*E6) -> 0
A7: Repeated Pattern Implementation | B7: Golden Path opportunities | E7: 1.5 | F7: =IF(D7="",0,D7*E7) -> 0
A8: Cross-domain Integration Needs | B8: Common Enterprise layer | E8: 1.2 | F8: =IF(D8="",0,D8*E8) -> 0
A9: Industry-specific Workflows | B9: Domain Backbone potential | E9: 1.5 | F9: =IF(D9="",0,D9*E9) -> 0
A10: Compliance/Governance Complexity | B10: Fitness function need | E10: 1.3 | F10: =IF(D10="",0,D10*E10) -> 0
A11: Developer Experience Complaints | B11: Abstraction shift need | E11: 1.5 | F11: =IF(D11="",0,D11*E11) -> 0
A12: Technical Debt Accumulation | B12: Architecture drift | E12: 1 | F12: =IF(D12="",0,D12*E12) -> 0
A13: Multi-region/Multi-cloud Plans | B13: Foundational layer scope | E13: 1 | F13: =IF(D13="",0,D13*E13) -> 0
A14: Product Team Velocity Variance | B14: Unique Domain support gaps | E14: 1.2 | F14: =IF(D14="",0,D14*E14) -> 0
D16: TOTALS: | E16: =SUM(F5:F14) -> 0 | F16: =SUM(E5:E14)*3 -> 39.6

Sheet DDPE Action Plan
A1: DDPE IMPLEMENTATION ACTION PLAN
A2: Layer-by-layer implementation roadmap based on your assessment results
A4: Your Recommended Approach: | B4: ='DDPE Dashboard'!B22 -> TACTICAL
A5: Primary Investment Layer: | B5: ='DDPE Dashboard'!B23 -> Foundational Services
A7: TACTICAL APPROACH: LAYER-BY-LAYER ACTIONS | F7: TARGET METRICS BY LAYER
A8: Layer | B8: Priority | C8: Action | D8: Timeline | F8: Layer | G8: Key Metric | H8: Strategic Target
A9: Foundational | B9: 1 | C9: BUY CI/CD (GitHub Actions, GitLab CI) | D9: 0-1 month | F9: Foundational | G9: Environment Provision Time | H9: <1 hour
A10: Foundational | B10: 2 | C10: BUY Secrets (Vault, AWS Secrets) | D10: 0-1 month | F10: Foundational | G10: TTFD (new service) | H10: <1 day
A11: Foundational | B11: 3 | C11: BUY Observability (Datadog, Grafana) | D11: 1-2 months | F11: Common Enterprise | G11: Integration Setup Time | H11: <4 hours
A12: Common Enterprise | B12: 4 | C12: SKIP - defer until strategic | D12: - | F12: Common Enterprise | G12: Cross-domain Event Latency | H12: <100ms
A13: Domain Backbone | B13: 5 | C13: IDENTIFY patterns only | D13: 2-3 months | F13: Domain Backbone | G13: Domain API Adoption | H13: >80%
A14: Unique Domain | B14: 6 | C14: Product teams self-serve | D14: Ongoing | F14: Domain Backbone | G14: Compliance Automation | H14: >90%
A15: All Layers | B15: 7 | C15: Dogfood with single squad | D15: Ongoing | F15: Unique Domain | G15: Golden Path Usage | H15: >70%
A16: All Layers | B16: 8 | C16: Prove value with 2-3 alpha teams | D16: 2-3 months | F16: Unique Domain | G16: Developer Satisfaction | H16: >4.0/5
F17: All Layers | G17: Self-Service Rate | H17: >90%
F18: All Layers | G18: Cognitive Load Hours | H18: <2 hrs/week
A19: STRATEGIC APPROACH: LAYER-BY-LAYER ACTIONS
A20: Layer | B20: Priority | C20: Action | D20: Timeline
A21: Foundational | B21: 1 | C21: BUILD unified platform layer | D21: 0-3 months
A22: Foundational | B22: 2 | C22: Implement fitness functions | D22: 1-3 months
A23: Foundational | B23: 3 | C23: Standardize IaC templates | D23: 2-4 months
A24: Common Enterprise | B24: 4 | C24: BUILD integration adapters | D24: 3-6 months
A25: Common Enterprise | B25: 5 | C25: Implement enterprise event bus | D25: 4-8 months
A26: Domain Backbone | B26: 6 | C26: BUILD domain-specific APIs | D26: 4-9 months
A27: Domain Backbone | B27: 7 | C27: Create industry workflow accelerators | D27: 6-12 months
A28: Unique Domain | B28: 8 | C28: BUILD golden path scaffolding | D28: 3-6 months
A29: Unique Domain | B29: 9 | C29: BUILD self-service IDP | D29: 6-12 months
A30: All Layers | B30: 10 | C30: Establish DORA/SPACE metrics | D30: 1-2 months
A31: All Layers | B31: 11 | C31: Platform product management | D31: Ongoing
